{"characters": {}, "homeworlds": {"https://www.swapi.tech/api/planets/1": {"data": {"message": "ok", "result": {"properties": {"diameter": "10465", "rotation_period": "23", "orbital_period": "304", "gravity": "1 standard", "population": "200000", "climate": "arid", "terrain": "desert", "surface_water": "1", "created": "2024-01-22T03:29:27.708Z", "edited": "2024-01-22T03:29:27.708Z", "name": "Tatooine", "url": "https://www.swapi.tech/api/planets/1"}, "description": "A planet.", "_id": "5f7254c11b7dfa00041c6fae", "uid": "1", "__v": 0}}, "last_searched": "2024-01-22 21:16:15.002796"}, "https://www.swapi.tech/api/planets/8": {"data": {"message": "ok", "result": {"properties": {"diameter": "12120", "rotation_period": "26", "orbital_period": "312", "gravity": "1 standard", "population": "4500000000", "climate": "temperate", "terrain": "grassy hills, swamps, forests, mountains", "surface_water": "12", "created": "2024-01-22T03:29:27.708Z", "edited": "2024-01-22T03:29:27.708Z", "name": "Naboo", "url": "https://www.swapi.tech/api/planets/8"}, "description": "A planet.", "_id": "5f7254c11b7dfa00041c6fb5", "uid": "8", "__v": 0}}, "last_searched": "2024-01-22 21:19:23.703686"}}, "search_history": [{"name": "luke sky", "result": {"properties": {"height": "172", "mass": "77", "hair_color": "blond", "skin_color": "fair", "eye_color": "blue", "birth_year": "19BBY", "gender": "male", "created": "2024-01-22T03:29:27.705Z", "edited": "2024-01-22T03:29:27.705Z", "name": "Luke Skywalker", "homeworld": "https://www.swapi.tech/api/planets/1", "url": "https://www.swapi.tech/api/people/1"}, "description": "A person within the Star Wars universe", "_id": "5f63a36eee9fd7000499be42", "uid": "1", "__v": 0}, "timestamp": "2024-01-22 21:15:37.205403"}, {"name": "luke sky", "result": {"properties": {"height": "172", "mass": "77", "hair_color": "blond", "skin_color": "fair", "eye_color": "blue", "birth_year": "19BBY", "gender": "male", "created": "2024-01-22T03:29:27.705Z", "edited": "2024-01-22T03:29:27.705Z", "name": "Luke Skywalker", "homeworld": "https://www.swapi.tech/api/planets/1", "url": "https://www.swapi.tech/api/people/1"}, "description": "A person within the Star Wars universe", "_id": "5f63a36eee9fd7000499be42", "uid": "1", "__v": 0}, "timestamp": "2024-01-22 21:15:37.205403"}, {"name": "luke sky", "result": {"properties": {"height": "172", "mass": "77", "hair_color": "blond", "skin_color": "fair", "eye_color": "blue", "birth_year": "19BBY", "gender": "male", "created": "2024-01-22T03:29:27.705Z", "edited": "2024-01-22T03:29:27.705Z", "name": "Luke Skywalker", "homeworld": "https://www.swapi.tech/api/planets/1", "url": "https://www.swapi.tech/api/people/1"}, "description": "A person within the Star Wars universe", "_id": "5f63a36eee9fd7000499be42", "uid": "1", "__v": 0}, "timestamp": "2024-01-22 21:16:15.002796", "homeworld_Name": "Tatooine", "homeworld_Population": "200000"}, {"name": "Kazuya", "result": null, "timestamp": "2024-01-22 21:16:24.792076"}, {"name": "r2", "result": {"properties": {"height": "96", "mass": "32", "hair_color": "n/a", "skin_color": "white, blue", "eye_color": "red", "birth_year": "33BBY", "gender": "n/a", "created": "2024-01-22T03:29:27.705Z", "edited": "2024-01-22T03:29:27.705Z", "name": "R2-D2", "homeworld": "https://www.swapi.tech/api/planets/8", "url": "https://www.swapi.tech/api/people/3"}, "description": "A person within the Star Wars universe", "_id": "5f63a36eee9fd7000499be44", "uid": "3", "__v": 0}, "timestamp": "2024-01-22 21:18:40.455579"}, {"name": "r2", "result": {"properties": {"height": "96", "mass": "32", "hair_color": "n/a", "skin_color": "white, blue", "eye_color": "red", "birth_year": "33BBY", "gender": "n/a", "created": "2024-01-22T03:29:27.705Z", "edited": "2024-01-22T03:29:27.705Z", "name": "R2-D2", "homeworld": "https://www.swapi.tech/api/planets/8", "url": "https://www.swapi.tech/api/people/3"}, "description": "A person within the Star Wars universe", "_id": "5f63a36eee9fd7000499be44", "uid": "3", "__v": 0}, "timestamp": "2024-01-22 21:18:40.455579"}, {"name": "r2--world", "result": null, "timestamp": "2024-01-22 21:19:02.011220"}, {"name": "r2", "result": {"properties": {"height": "96", "mass": "32", "hair_color": "n/a", "skin_color": "white, blue", "eye_color": "red", "birth_year": "33BBY", "gender": "n/a", "created": "2024-01-22T03:29:27.705Z", "edited": "2024-01-22T03:29:27.705Z", "name": "R2-D2", "homeworld": "https://www.swapi.tech/api/planets/8", "url": "https://www.swapi.tech/api/people/3"}, "description": "A person within the Star Wars universe", "_id": "5f63a36eee9fd7000499be44", "uid": "3", "__v": 0}, "timestamp": "2024-01-22 21:19:23.703686", "homeworld_Name": "Naboo", "homeworld_Population": "4500000000"}], "luke sky": {"data": {"properties": {"height": "172", "mass": "77", "hair_color": "blond", "skin_color": "fair", "eye_color": "blue", "birth_year": "19BBY", "gender": "male", "created": "2024-01-22T03:29:27.705Z", "edited": "2024-01-22T03:29:27.705Z", "name": "Luke Skywalker", "homeworld": "https://www.swapi.tech/api/planets/1", "url": "https://www.swapi.tech/api/people/1"}, "description": "A person within the Star Wars universe", "_id": "5f63a36eee9fd7000499be42", "uid": "1", "__v": 0}, "last_searched": "2024-01-22 21:15:37.205403", "homeworld_url": "https://www.swapi.tech/api/planets/1"}, "Kazuya": {"data": null, "last_searched": "2024-01-22 21:16:24.792076", "homeworld_url": null}, "r2": {"data": {"properties": {"height": "96", "mass": "32", "hair_color": "n/a", "skin_color": "white, blue", "eye_color": "red", "birth_year": "33BBY", "gender": "n/a", "created": "2024-01-22T03:29:27.705Z", "edited": "2024-01-22T03:29:27.705Z", "name": "R2-D2", "homeworld": "https://www.swapi.tech/api/planets/8", "url": "https://www.swapi.tech/api/people/3"}, "description": "A person within the Star Wars universe", "_id": "5f63a36eee9fd7000499be44", "uid": "3", "__v": 0}, "last_searched": "2024-01-22 21:18:40.455579", "homeworld_url": "https://www.swapi.tech/api/planets/8"}, "r2--world": {"data": null, "last_searched": "2024-01-22 21:19:02.011220", "homeworld_url": null}}